,species,2,4,11,13,15,21,24,26,39,41,61,62,64,70,72,77,79,84,96,98,112,115,117,118,124,125,126,129,134,136,137,143,149,153,160,167,185,187,205,208,217,236,256,392,433,438,442,447,448,455,456,474,482,483,489,493,534,537,564,566,567,573,574,575,578,585,587,591,592,600,611,612,614,615,626,638,641,650,654,670,672,679,684,687,705,708,717,718,719,728,729,743,744,747,749,750,751,753,754,755,756,768,792
ITS_D1_France_A.mellea,mellea,A,A,T,C,T,T,G,A,T,T,C,A,A,A,G,C,G,A,C,C,G,A,G,C,T,T,T,A,T,T,G,T,G,T,A,G,C,G,A,T,T,A,G,G,G,C,T,C,A,G,T,T,T,C,A,G,T,G,T,T,G,C,G,G,T,T,A,G,T,G,G,G,A,A,-,G,C,G,T,T,A,C,T,T,T,A,A,A,A,C,A,A,A,G,T,T,C,T,G,T,T,T,G
ITS_D5_France_A.mellea,mellea,A,A,T,T,T,T,G,A,T,T,C,A,A,A,G,C,G,A,C,C,G,A,G,C,T,T,T,A,T,T,G,T,G,T,A,G,C,G,A,T,T,A,G,G,G,C,T,C,A,G,T,T,T,C,A,G,T,G,T,T,G,C,G,G,T,T,A,G,T,G,G,G,A,A,-,G,C,G,T,T,A,C,T,T,T,A,A,A,A,C,A,A,A,G,T,T,C,T,G,T,T,T,G
ITS_D4_France_A.mellea,mellea,A,A,T,C,T,T,G,G,T,T,C,A,A,A,T,C,G,A,C,C,G,G,G,C,T,T,T,A,T,T,A,T,G,T,A,G,C,G,A,T,T,A,G,G,G,C,T,G,A,G,T,T,T,C,A,G,T,G,T,T,G,C,G,G,T,T,A,G,T,G,G,G,A,A,-,G,C,G,T,C,A,C,T,T,T,A,A,A,A,C,A,A,A,G,T,T,C,T,G,T,T,T,G
ITS_HY3_Ukraine_A.mellea,mellea,A,A,T,C,T,T,G,G,T,T,C,A,A,A,T,C,G,A,C,C,G,G,G,C,T,T,T,A,T,T,A,T,G,T,A,G,C,G,A,T,T,A,G,G,G,C,T,C,A,G,T,T,T,C,A,G,T,G,T,T,G,C,G,G,T,T,A,G,T,G,G,G,A,A,-,G,C,G,T,C,A,C,T,T,T,A,A,A,A,C,A,A,A,G,T,T,C,T,G,T,T,T,G
ITS_94_5_Japan_A.mellea,mellea,A,T,C,T,T,T,G,A,T,T,C,A,A,A,G,C,G,T,A,C,G,A,G,C,T,T,T,G,T,T,G,T,G,G,G,C,C,G,A,T,T,G,G,A,G,G,T,C,A,A,T,T,T,C,A,G,T,G,C,T,G,T,G,G,T,C,A,G,T,A,T,T,C,T,A,G,C,G,T,C,G,C,T,T,T,A,A,T,T,-,-,A,A,G,T,C,T,T,T,T,C,T,G
ITS_A_12_Japan_A.mellea,mellea,A,T,C,T,T,T,G,A,T,T,C,A,A,A,G,C,G,T,A,C,G,A,G,C,T,T,T,A,T,T,G,T,G,G,G,C,C,G,A,T,T,G,G,A,G,G,T,C,A,A,T,T,T,C,A,G,T,G,C,T,G,C,A,G,T,C,A,G,T,A,T,T,C,T,A,G,C,G,T,C,G,C,T,T,T,A,A,T,T,-,-,A,A,G,T,C,T,T,T,T,C,T,G
ITS_C2_France_A.ostoyae,ostoyae,G,A,-,C,T,T,G,A,T,T,C,G,C,G,-,C,A,-,C,C,A,A,C,T,T,C,T,A,T,A,G,T,T,-,G,C,T,A,T,C,C,G,C,G,C,C,C,G,G,G,C,T,T,T,A,A,T,G,C,T,G,T,G,G,C,C,G,C,A,G,C,T,A,T,A,G,C,A,-,C,G,C,T,C,T,A,G,T,T,C,A,T,T,T,T,T,T,C,C,T,T,T,C
ITS_C4_France_A.ostoyae,ostoyae,G,A,-,C,C,T,G,A,T,T,C,G,C,G,-,C,A,-,C,C,A,A,C,T,T,C,T,A,T,A,G,T,T,-,G,C,T,A,T,C,C,G,C,G,C,C,C,G,G,G,C,T,T,T,A,G,T,G,C,T,G,T,G,G,C,C,G,C,A,G,C,T,A,T,A,G,C,A,-,C,G,C,T,C,T,A,G,T,T,C,G,T,T,T,T,T,T,C,C,C,T,T,C
ITS_C5_France_A.ostoyae,ostoyae,G,A,-,C,C,T,G,A,T,T,C,G,C,G,-,C,A,-,C,T,A,A,C,T,T,C,T,A,T,A,G,T,T,-,G,C,T,A,T,C,C,G,C,G,C,C,C,G,G,G,C,T,T,T,A,G,T,G,C,T,G,T,G,G,C,C,G,C,A,G,C,T,A,T,A,G,C,A,-,T,G,C,T,C,T,A,G,T,T,C,G,T,T,T,T,T,T,C,C,C,T,T,C
ITS_D20_Switzerland_A.ostoyae,ostoyae,A,A,-,C,C,T,G,A,T,T,C,G,C,G,-,C,A,-,C,T,A,A,C,T,T,C,T,A,T,A,G,T,T,-,G,C,T,A,T,C,C,G,C,G,C,C,C,G,G,G,C,T,T,T,A,G,T,G,C,T,G,T,G,G,C,C,G,C,A,G,C,T,A,T,A,G,C,A,-,T,G,C,T,C,T,A,G,T,T,C,G,T,T,T,T,T,T,C,C,C,T,T,C
ITS_BRNM706815_Czech_A.ostoyae,ostoyae,A,A,-,C,C,T,G,A,T,T,C,G,C,G,-,C,A,-,C,C,A,A,C,T,T,C,T,A,T,A,G,T,T,-,G,C,T,A,T,C,C,G,C,G,C,C,C,G,G,G,C,T,T,T,A,G,T,G,C,T,G,T,G,G,C,C,G,C,A,G,C,T,A,T,A,G,C,A,-,C,G,C,T,C,T,A,G,T,T,C,G,T,T,T,T,T,T,C,C,C,T,T,C
ITS_A1_Finland_A.borealis,borealis,A,A,-,C,T,T,G,A,T,T,C,G,C,G,-,C,A,-,C,C,A,A,C,T,T,C,T,A,T,A,G,T,T,-,G,C,T,A,T,C,C,G,C,G,C,C,C,G,G,G,C,T,T,T,A,A,C,G,C,T,G,T,G,G,C,C,G,C,A,G,C,T,A,T,A,G,T,A,-,C,G,C,T,C,T,A,G,T,T,T,G,T,T,T,T,T,T,C,C,T,T,T,C
ITS_A2_Finland_A.borealis,borealis,A,A,-,C,T,T,G,A,T,T,C,G,C,G,-,C,A,-,C,C,A,A,C,T,T,C,T,A,T,A,G,T,T,-,G,C,T,A,T,C,C,G,C,G,C,C,C,G,G,G,C,T,T,T,A,A,C,G,C,T,G,T,G,G,C,C,G,C,A,G,C,T,A,T,A,G,T,A,-,C,G,C,T,C,T,A,G,T,T,C,G,T,T,T,T,T,T,C,C,T,T,T,C
ITS_A5_Germany_A.borealis,borealis,A,A,-,C,T,T,G,A,T,T,C,G,C,G,-,C,A,-,C,C,A,A,C,T,T,C,T,A,T,A,G,T,T,-,G,C,T,A,T,C,C,G,C,G,C,C,C,G,G,G,C,T,T,T,A,A,C,G,C,T,G,T,G,G,C,C,G,C,A,G,C,T,A,T,A,G,T,A,-,C,G,C,T,C,T,A,G,T,T,C,G,T,T,T,T,T,T,C,C,T,T,T,C
ITS_BRNM706814_Czech_A.cepistipes,cepistipes,A,A,-,C,T,T,G,A,T,T,C,G,C,G,-,C,A,-,C,C,A,A,C,T,T,T,T,A,T,A,G,C,T,-,G,C,T,A,T,C,C,G,C,G,C,C,C,G,G,G,T,T,T,T,A,G,T,G,C,T,-,T,A,G,C,C,G,C,A,G,C,T,A,T,G,A,C,A,-,C,G,C,T,C,T,A,G,T,T,C,G,T,T,T,T,T,T,C,C,T,T,T,C
ITS_B2_Finland_A.cepistipes,cepistipes,A,A,-,C,T,T,G,A,T,T,C,G,C,G,-,C,A,-,C,C,A,A,C,T,T,T,T,A,T,A,G,C,T,-,G,C,T,A,T,C,C,G,C,G,C,C,C,G,G,G,T,T,T,T,A,G,T,G,C,T,-,T,A,G,C,C,G,C,A,G,C,T,A,T,G,A,C,A,-,C,G,C,T,C,T,A,G,T,T,C,G,T,T,T,T,T,T,C,C,T,T,T,C
ITS_B3_Finland_A.cepistipes,cepistipes,A,A,-,C,T,T,G,A,T,T,C,G,C,G,-,C,A,-,C,C,A,A,C,T,T,T,T,A,T,A,G,C,T,-,G,C,T,A,T,C,C,G,C,G,C,C,C,G,G,G,T,T,T,T,A,G,T,G,C,T,-,T,A,G,C,C,G,C,A,G,C,T,A,T,G,A,C,A,-,C,G,C,T,C,T,A,G,T,T,C,G,T,T,T,T,T,T,C,C,T,T,T,C
ITS_B5_Italy_A.cepistipes,cepistipes,A,A,-,C,T,T,G,A,T,T,C,G,C,G,-,C,A,-,C,C,A,A,C,T,T,T,T,A,T,A,G,C,T,-,G,C,T,A,T,C,C,G,C,G,C,C,T,G,G,G,T,T,T,T,A,G,T,G,C,T,-,T,A,G,C,C,G,C,A,G,C,T,A,T,G,A,C,A,-,C,G,C,T,C,T,A,G,T,T,C,G,T,T,T,T,T,T,C,C,T,T,T,C
ITS_E6_France_A.gallica,gallica,A,A,-,C,T,T,G,A,T,T,C,G,C,G,-,C,A,-,C,C,A,A,C,T,T,C,T,A,T,A,G,T,T,-,G,C,T,A,T,C,C,G,C,G,C,C,C,G,G,G,C,T,T,T,A,G,T,G,C,T,-,T,A,G,C,C,G,C,A,G,C,T,A,T,G,A,C,A,-,C,G,T,T,C,T,A,G,T,T,C,G,T,T,T,T,T,T,C,C,T,T,C,C
ITS_BRNM706835_Czech_A.gallica,gallica,A,A,-,C,T,T,G,A,T,T,C,G,C,G,-,C,A,-,C,C,A,A,C,T,T,C,T,A,T,A,G,T,T,-,G,C,T,A,T,C,C,G,C,G,C,C,C,G,G,G,C,T,T,T,A,G,T,G,C,T,-,T,A,G,C,C,G,C,A,G,C,T,A,T,G,A,C,A,-,C,G,T,T,C,T,A,G,T,T,C,G,T,T,T,T,T,T,C,C,T,T,C,C
ITS_E4_France_A.gallica,gallica,-,-,-,C,T,T,G,A,T,T,C,G,C,G,-,C,A,-,C,C,A,A,C,T,T,C,T,A,T,A,G,T,T,-,G,C,T,A,T,C,C,G,C,G,C,C,C,G,G,G,C,T,T,T,A,G,T,G,C,T,-,T,A,G,C,C,G,C,A,G,C,T,A,T,G,A,C,A,-,C,G,T,T,C,T,A,G,T,T,C,G,T,T,T,T,T,T,C,C,T,T,C,C
ITS_E5_France_A.gallica,gallica,A,A,-,C,T,C,G,A,T,T,C,G,C,G,-,C,A,-,C,C,A,A,C,T,T,C,T,A,T,A,G,T,T,-,G,C,T,A,T,C,C,G,C,G,C,C,C,G,G,G,C,T,T,T,A,G,T,G,C,T,-,T,A,G,C,C,G,C,A,G,C,T,A,T,G,A,C,A,-,C,G,C,T,C,T,A,G,T,T,C,G,T,T,T,T,T,T,C,C,T,T,T,C
ITS_HAt5S3_Ukraine_A.tabescens,tabescens,A,A,-,C,T,G,G,A,C,C,T,G,A,G,-,T,A,-,C,C,G,A,C,T,C,C,A,G,A,A,G,T,T,-,G,C,C,A,T,C,C,A,C,G,C,C,C,G,A,G,C,C,A,C,A,G,T,A,C,C,T,T,G,A,C,C,T,C,A,-,-,T,C,T,A,G,C,G,A,C,G,C,A,A,G,T,-,-,-,T,T,T,T,T,T,T,T,-,-,-,-,T,G
ITS_HAt1S5_Ukraine_A.tabescens,tabescens,-,-,-,C,T,G,G,A,C,C,T,G,A,G,-,T,A,-,C,C,G,A,C,T,C,C,A,G,A,A,G,T,T,-,G,C,C,A,T,C,C,A,C,G,C,C,C,G,A,G,C,C,A,C,A,G,T,A,C,C,T,T,G,A,C,C,T,C,A,-,-,T,C,T,A,G,C,G,A,C,G,C,A,A,G,T,-,-,-,T,T,T,T,T,T,T,T,-,-,-,-,T,G
ITS_HAt2S5_Ukraine_A.tabescens,tabescens,A,A,-,C,T,G,G,A,C,C,T,G,A,G,-,T,A,-,C,C,G,A,C,T,C,C,A,G,A,A,G,T,T,-,G,C,C,A,T,C,C,A,C,G,C,C,C,G,A,G,C,C,A,C,A,G,T,A,C,C,T,T,G,A,C,C,T,C,A,-,-,T,C,T,A,G,C,G,A,C,G,C,A,A,G,T,-,-,-,T,T,T,T,T,T,T,T,-,-,-,-,T,G
ITS_96_3_3_Japan_A.tabescens,tabescens,A,A,-,C,T,C,A,G,C,T,C,G,C,G,-,C,A,-,C,C,G,A,C,T,C,T,T,G,A,A,G,T,T,-,G,C,C,A,T,C,C,A,C,G,C,C,C,G,G,G,C,C,A,C,G,G,T,G,C,T,-,T,G,A,C,C,G,C,A,-,-,T,C,T,A,G,C,G,A,C,G,C,A,A,G,T,-,-,-,T,T,T,T,T,C,T,T,-,-,-,-,T,G
ITS_96_1_8_Japan_A.tabescens,tabescens,A,A,-,C,T,C,A,G,C,T,C,G,C,G,-,C,A,-,C,C,G,A,C,T,C,T,T,G,A,A,G,T,T,-,G,C,C,A,T,C,C,A,C,G,C,C,C,G,G,G,C,C,A,C,G,G,T,G,C,T,-,T,G,A,C,C,G,C,A,-,-,T,C,T,A,G,C,G,A,C,G,C,A,A,G,T,-,-,-,T,T,T,T,T,C,T,T,-,-,-,-,T,G
