"","Var1","X567","X574","X626","X638"
"1","ITS_A1_Finland_A.borealis","G","G","A","G"
"2","ITS_A2_Finland_A.borealis","G","G","A","G"
"3","ITS_A5_Germany_A.borealis","G","G","A","G"
"4","ITS_B2_Finland_A.cepistipes","G","G","A","G"
"5","ITS_B3_Finland_A.cepistipes","G","G","A","G"
"6","ITS_B5_Italy_A.cepistipes","G","G","A","G"
"7","ITS_BRNM706814_Czech_A.cepistipes","G","G","A","G"
"8","ITS_BRNM706815_Czech_A.ostoyae","G","G","A","G"
"9","ITS_BRNM706835_Czech_A.gallica","-","A","G","A"
"10","ITS_C2_France_A.ostoyae","-","A","G","A"
"11","ITS_C4_France_A.ostoyae","-","A","G","A"
"12","ITS_C5_France_A.ostoyae","-","A","G","A"
"13","ITS_D20_Switzerland_A.ostoyae","-","A","G","A"
"14","ITS_E4_France_A.gallica","-","A","G","A"
"15","ITS_E5_France_A.gallica","-","A","G","A"
"16","ITS_E6_France_A.gallica","-","A","G","A"
