specimen,species,5,7,13,16,18,31,33,51,52,54,60,65,67,82,84,98,101,103,104,110,111,112,115,120,122,123,129,135,137,144,153,155,171,174,183,201,221,357,398,403,407,412,413,420,421,438,446,447,452,456,497,500,527,529,535,536,537,540,547,548,552,553,555,557,558,568,571,580,599,601,608,613,615,633,636,653,654,657,659,660,661,666,690
ITS\_D1\_France\_A.mellea,mellea,C,T,T,G,A,T,T,C,A,A,A,C,G,C,C,G,A,G,C,T,T,T,A,T,T,G,T,G,A,G,C,G,A,T,T,A,G,G,G,C,T,C,A,G,T,T,T,C,A,G,T,G,T,T,C,G,G,T,T,A,G,T,G,A,A,G,C,G,T,A,C,T,T,T,A,A,A,G,T,T,C,T,G
ITS\_D5\_France\_A.mellea,mellea,T,T,T,G,A,T,T,C,A,A,A,C,G,C,C,G,A,G,C,T,T,T,A,T,T,G,T,G,A,G,C,G,A,T,T,A,G,G,G,C,T,C,A,G,T,T,T,C,A,G,T,G,T,T,C,G,G,T,T,A,G,T,G,A,A,G,C,G,T,A,C,T,T,T,A,A,A,G,T,T,C,T,G
ITS\_D4\_France\_A.mellea,mellea,C,T,T,G,G,T,T,C,A,A,A,C,G,C,C,G,G,G,C,T,T,T,A,T,T,A,T,G,A,G,C,G,A,T,T,A,G,G,G,C,T,G,A,G,T,T,T,C,A,G,T,G,T,T,C,G,G,T,T,A,G,T,G,A,A,G,C,G,C,A,C,T,T,T,A,A,A,G,T,T,C,T,G
ITS\_HY3\_Ukraine\_A.mellea,mellea,C,T,T,G,G,T,T,C,A,A,A,C,G,C,C,G,G,G,C,T,T,T,A,T,T,A,T,G,A,G,C,G,A,T,T,A,G,G,G,C,T,C,A,G,T,T,T,C,A,G,T,G,T,T,C,G,G,T,T,A,G,T,G,A,A,G,C,G,C,A,C,T,T,T,A,A,A,G,T,T,C,T,G
ITS\_94\_5\_Japan\_A.mellea,mellea,T,T,T,G,A,T,T,C,A,A,A,C,G,A,C,G,A,G,C,T,T,T,G,T,T,G,T,G,G,C,C,G,A,T,T,G,G,A,G,G,T,C,A,A,T,T,T,C,A,G,T,G,C,T,T,G,G,T,C,A,G,T,T,C,T,G,C,G,C,G,C,T,T,T,A,A,A,G,T,C,T,T,G
ITS\_A\_12\_Japan\_A.mellea,mellea,T,T,T,G,A,T,T,C,A,A,A,C,G,A,C,G,A,G,C,T,T,T,A,T,T,G,T,G,G,C,C,G,A,T,T,G,G,A,G,G,T,C,A,A,T,T,T,C,A,G,T,G,C,T,C,A,G,T,C,A,G,T,T,C,T,G,C,G,C,G,C,T,T,T,A,A,A,G,T,C,T,T,G
ITS\_C2\_France\_A.ostoyae,ostoyae,C,T,T,G,A,T,T,C,G,C,G,C,A,C,C,A,A,C,T,T,C,T,A,T,A,G,T,T,G,C,T,A,T,C,C,G,C,G,C,C,C,G,G,G,C,T,T,T,A,A,T,G,C,T,T,G,G,C,C,G,C,A,T,A,T,G,C,A,C,G,C,T,C,T,A,T,T,T,T,T,T,T,C
ITS\_C4\_France\_A.ostoyae,ostoyae,C,C,T,G,A,T,T,C,G,C,G,C,A,C,C,A,A,C,T,T,C,T,A,T,A,G,T,T,G,C,T,A,T,C,C,G,C,G,C,C,C,G,G,G,C,T,T,T,A,G,T,G,C,T,T,G,G,C,C,G,C,A,T,A,T,G,C,A,C,G,C,T,C,T,A,T,T,T,T,T,T,T,C
ITS\_C5\_France\_A.ostoyae,ostoyae,C,C,T,G,A,T,T,C,G,C,G,C,A,C,T,A,A,C,T,T,C,T,A,T,A,G,T,T,G,C,T,A,T,C,C,G,C,G,C,C,C,G,G,G,C,T,T,T,A,G,T,G,C,T,T,G,G,C,C,G,C,A,T,A,T,G,C,A,T,G,C,T,C,T,A,T,T,T,T,T,T,T,C
ITS\_D20\_Switzerland\_A.ostoyae,ostoyae,C,C,T,G,A,T,T,C,G,C,G,C,A,C,T,A,A,C,T,T,C,T,A,T,A,G,T,T,G,C,T,A,T,C,C,G,C,G,C,C,C,G,G,G,C,T,T,T,A,G,T,G,C,T,T,G,G,C,C,G,C,A,T,A,T,G,C,A,T,G,C,T,C,T,A,T,T,T,T,T,T,T,C
ITS\_BRNM706815\_Czech\_A.ostoyae,ostoyae,C,C,T,G,A,T,T,C,G,C,G,C,A,C,C,A,A,C,T,T,C,T,A,T,A,G,T,T,G,C,T,A,T,C,C,G,C,G,C,C,C,G,G,G,C,T,T,T,A,G,T,G,C,T,T,G,G,C,C,G,C,A,T,A,T,G,C,A,C,G,C,T,C,T,A,T,T,T,T,T,T,T,C
ITS\_A1\_Finland\_A.borealis,borealis,C,T,T,G,A,T,T,C,G,C,G,C,A,C,C,A,A,C,T,T,C,T,A,T,A,G,T,T,G,C,T,A,T,C,C,G,C,G,C,C,C,G,G,G,C,T,T,T,A,A,C,G,C,T,T,G,G,C,C,G,C,A,T,A,T,G,T,A,C,G,C,T,C,T,A,T,T,T,T,T,T,T,C
ITS\_A2\_Finland\_A.borealis,borealis,C,T,T,G,A,T,T,C,G,C,G,C,A,C,C,A,A,C,T,T,C,T,A,T,A,G,T,T,G,C,T,A,T,C,C,G,C,G,C,C,C,G,G,G,C,T,T,T,A,A,C,G,C,T,T,G,G,C,C,G,C,A,T,A,T,G,T,A,C,G,C,T,C,T,A,T,T,T,T,T,T,T,C
ITS\_A5\_Germany\_A.borealis,borealis,C,T,T,G,A,T,T,C,G,C,G,C,A,C,C,A,A,C,T,T,C,T,A,T,A,G,T,T,G,C,T,A,T,C,C,G,C,G,C,C,C,G,G,G,C,T,T,T,A,A,C,G,C,T,T,G,G,C,C,G,C,A,T,A,T,G,T,A,C,G,C,T,C,T,A,T,T,T,T,T,T,T,C
ITS\_BRNM706814\_Czech\_A.cepistipes,cepistipes,C,T,T,G,A,T,T,C,G,C,G,C,A,C,C,A,A,C,T,T,T,T,A,T,A,G,C,T,G,C,T,A,T,C,C,G,C,G,C,C,C,G,G,G,T,T,T,T,A,G,T,G,C,T,T,A,G,C,C,G,C,A,T,A,T,A,C,A,C,G,C,T,C,T,A,T,T,T,T,T,T,T,C
ITS\_B2\_Finland\_A.cepistipes,cepistipes,C,T,T,G,A,T,T,C,G,C,G,C,A,C,C,A,A,C,T,T,T,T,A,T,A,G,C,T,G,C,T,A,T,C,C,G,C,G,C,C,C,G,G,G,T,T,T,T,A,G,T,G,C,T,T,A,G,C,C,G,C,A,T,A,T,A,C,A,C,G,C,T,C,T,A,T,T,T,T,T,T,T,C
ITS\_B3\_Finland\_A.cepistipes,cepistipes,C,T,T,G,A,T,T,C,G,C,G,C,A,C,C,A,A,C,T,T,T,T,A,T,A,G,C,T,G,C,T,A,T,C,C,G,C,G,C,C,C,G,G,G,T,T,T,T,A,G,T,G,C,T,T,A,G,C,C,G,C,A,T,A,T,A,C,A,C,G,C,T,C,T,A,T,T,T,T,T,T,T,C
ITS\_B5\_Italy\_A.cepistipes,cepistipes,C,T,T,G,A,T,T,C,G,C,G,C,A,C,C,A,A,C,T,T,T,T,A,T,A,G,C,T,G,C,T,A,T,C,C,G,C,G,C,C,T,G,G,G,T,T,T,T,A,G,T,G,C,T,T,A,G,C,C,G,C,A,T,A,T,A,C,A,C,G,C,T,C,T,A,T,T,T,T,T,T,T,C
ITS\_E6\_France\_A.gallica,gallica,C,T,T,G,A,T,T,C,G,C,G,C,A,C,C,A,A,C,T,T,C,T,A,T,A,G,T,T,G,C,T,A,T,C,C,G,C,G,C,C,C,G,G,G,C,T,T,T,A,G,T,G,C,T,T,A,G,C,C,G,C,A,T,A,T,A,C,A,C,G,T,T,C,T,A,T,T,T,T,T,T,C,C
ITS\_BRNM706835\_Czech\_A.gallica,gallica,C,T,T,G,A,T,T,C,G,C,G,C,A,C,C,A,A,C,T,T,C,T,A,T,A,G,T,T,G,C,T,A,T,C,C,G,C,G,C,C,C,G,G,G,C,T,T,T,A,G,T,G,C,T,T,A,G,C,C,G,C,A,T,A,T,A,C,A,C,G,T,T,C,T,A,T,T,T,T,T,T,C,C
ITS\_E4\_France\_A.gallica,gallica,C,T,T,G,A,T,T,C,G,C,G,C,A,C,C,A,A,C,T,T,C,T,A,T,A,G,T,T,G,C,T,A,T,C,C,G,C,G,C,C,C,G,G,G,C,T,T,T,A,G,T,G,C,T,T,A,G,C,C,G,C,A,T,A,T,A,C,A,C,G,T,T,C,T,A,T,T,T,T,T,T,C,C
ITS\_E5\_France\_A.gallica,gallica,C,T,C,G,A,T,T,C,G,C,G,C,A,C,C,A,A,C,T,T,C,T,A,T,A,G,T,T,G,C,T,A,T,C,C,G,C,G,C,C,C,G,G,G,C,T,T,T,A,G,T,G,C,T,T,A,G,C,C,G,C,A,T,A,T,A,C,A,C,G,C,T,C,T,A,T,T,T,T,T,T,T,C
ITS\_HAt5S3\_Ukraine\_A.tabescens,tabescens,C,T,G,G,A,C,C,T,G,A,G,T,A,C,C,G,A,C,T,C,C,A,G,A,A,G,T,T,G,C,C,A,T,C,C,A,C,G,C,C,C,G,A,G,C,C,A,C,A,G,T,A,C,C,T,G,A,C,C,T,C,A,T,C,T,G,C,G,C,G,C,A,A,G,T,T,T,T,T,T,T,T,G
ITS\_HAt1S5\_Ukraine\_A.tabescens,tabescens,C,T,G,G,A,C,C,T,G,A,G,T,A,C,C,G,A,C,T,C,C,A,G,A,A,G,T,T,G,C,C,A,T,C,C,A,C,G,C,C,C,G,A,G,C,C,A,C,A,G,T,A,C,C,T,G,A,C,C,T,C,A,T,C,T,G,C,G,C,G,C,A,A,G,T,T,T,T,T,T,T,T,G
ITS\_HAt2S5\_Ukraine\_A.tabescens,tabescens,C,T,G,G,A,C,C,T,G,A,G,T,A,C,C,G,A,C,T,C,C,A,G,A,A,G,T,T,G,C,C,A,T,C,C,A,C,G,C,C,C,G,A,G,C,C,A,C,A,G,T,A,C,C,T,G,A,C,C,T,C,A,T,C,T,G,C,G,C,G,C,A,A,G,T,T,T,T,T,T,T,T,G
ITS\_96\_3\_3\_Japan\_A.tabescens,tabescens,C,T,C,A,G,C,T,C,G,C,G,C,A,C,C,G,A,C,T,C,T,T,G,A,A,G,T,T,G,C,C,A,T,C,C,A,C,G,C,C,C,G,G,G,C,C,A,C,G,G,T,G,C,T,T,G,A,C,C,G,C,A,T,C,T,G,C,G,C,G,C,A,A,G,T,T,T,T,C,T,T,T,G
ITS\_96\_1\_8\_Japan\_A.tabescens,tabescens,C,T,C,A,G,C,T,C,G,C,G,C,A,C,C,G,A,C,T,C,T,T,G,A,A,G,T,T,G,C,C,A,T,C,C,A,C,G,C,C,C,G,G,G,C,C,A,C,G,G,T,G,C,T,T,G,A,C,C,G,C,A,T,C,T,G,C,G,C,G,C,A,A,G,T,T,T,T,C,T,T,T,G
